Flavie Gauthier,344076910,2025-07-22T00:25:01.000+07:00,ca,"Malgré les fous rires et les blagues sur les réseaux sociaux, deux êtres humains se trouvent derrière le PDG et son employée pris en plein adultère.",LE SCANDALE DU PDG AU CONCERT DE COLDPLAY: UN MANQUE D’EMPATHIE SUR LES RÉSEAUX SOCIAUX?,https://www.journaldemontreal.com/2025/07/21/le-scandale-du-pdg-a-coldplay-un-manque-dempathie-sur-les-reseaux-sociaux,Canada
Richard Rennie,344040106,2025-07-22T00:00:15.000+07:00,nz,"Bluelab CFO brings work home as he gears up the tech on his lifestyle block’s weatherproof crop.
The post Growing passion brings fruit indoors appeared first on Farmers Weekly.",GROWING PASSION BRINGS FRUIT INDOORS,https://www.farmersweekly.co.nz/news/growing-passion-brings-fruit-indoors/,New Zealand
"Child Psychotherapist Dr Colman Noctor,Irishexaminer.com",344039016,2025-07-22T00:00:00.000+07:00,ie,"Excessive gaming can impact vital developmental experiences like boredom, physical activity, creativity, and real-life social connection.",COLMAN NOCTOR: LESS SCREEN TIME A ‘GAME’ CHANGER FOR BORED CHILDREN DURING SUMMER,https://www.irishexaminer.com/lifestyle/parenting/arid-41673863.html,Ireland
Gabriel Morgan,343920932,2025-07-22T00:41:00.000+07:00,us,The LG CineBeam Q 4K projector offers a beautiful display in a compact size.,LG CINEBEAM Q 4K PROJECTOR REVIEW: I MIGHT BREAK UP WITH MY TV FOR GOOD,https://mashable.com/review/lg-cinebeam-q-4k-projector,United States
"",344048048,2025-07-22T00:05:03.000+07:00,au,Call for Nominations- ADWEEK&#39;s Inaugural Disruptor Awards,CALL FOR NOMINATIONS- ADWEEK&#39;S INAUGURAL DISRUPTOR AWARDS,https://www.adweek.com/brand-marketing/call-for-nominations-adweeks-inaugural-disruptor-awards/,Australia
"",343910998,2025-07-22T00:32:02.000+07:00,in,"Get latest articles and stories on India at LatestLY.  Noting India's recent achievements in different sectors, including space and defence, PM Modi said that this Monsoon Session marks the celebration of &quot;victory.&quot;",INDIA NEWS | COLLECTIVE EFFORTS WILL STRENGTHEN INDIA'S PURSUIT OF SELF-RELIANCE IN DEFENCE SECTOR: PM MODI IN PARLIAMENT ADDRESS,https://www.latestly.com/agency-news/india-news-collective-efforts-will-strengthen-indias-pursuit-of-self-reliance-in-defence-sector-pm-modi-in-parliament-address-7012252.html,India
Zahra Khaliq,343913606,2025-07-22T00:53:13.000+07:00,gb,"Psychics Baba Vanga and the so-called Living Nostradamus, Athos Salomé, have both predicted 2025 will be the year we see a groundbreaking moment in extraterrestrial activity",BABA VANGA AND LIVING NOSTRADAMUS BOTH HAVE 'TURNING POINT' PREDICTION FOR 2025,https://www.mirror.co.uk/news/world-news/baba-vanga-living-nostradamus-both-35594071,United Kingdom
The Shovel,343919300,2025-07-22T00:31:00.000+07:00,au,"“Just pop in your washing, put in the detergent, download the app, open the app, realise the app needs to be updated, update the app, open the app again, choose your cycle, and then press ‘Start’\"
The post New Washing Machine Can Be Controlled via WiFi, Or You Know, Just Pushing the Fucking Button appeared first on The Shovel.","NEW WASHING MACHINE CAN BE CONTROLLED VIA WIFI, OR YOU KNOW, JUST PUSHING THE FUCKING BUTTON",https://theshovel.com.au/2025/07/22/washing-machine-can-be-controlled-via-wifi/,Australia
Adria Cimino,343922182,2025-07-22T00:00:10.000+07:00,us,Not Given,PREDICTION: THESE 2 AI STOCKS WILL REBOUND IN THE 2ND HALF,https://www.fool.com/investing/2025/07/21/prediction-2-ai-stocks-will-rebound-second-half/,United States
Sam Gruet,343912454,2025-07-22T00:47:15.000+07:00,gb,Not Given,TRUCKING'S UNEASY RELATIONSHIP WITH NEW TECH,https://www.bbc.com/news/articles/c5yeyn4gl80o,United Kingdom
"",343917440,2025-07-22T00:08:08.000+07:00,sg,Not Given,TAIWAN'S CPC DENIES 'SPECIFIC' US SHALE GAS ACQUISITION TALKS,https://www.channelnewsasia.com/business/taiwans-cpc-denies-specific-us-shale-gas-acquisition-talks-5250756,Singapore
NewsdeskTET,344006978,2025-07-22T00:00:00.000+07:00,eu,"Ross Smith, director of preparation and response to emergency, Ross, informed journalists in New York following a fatal incident on Sunday during which dozens of civilians were killed and injured while waiting to access food as Wfp Conveyed entered the north of Gaza. &#8220;Yesterday&#8217;s incident is one of the largest tragedies we have seen for [&#8230;]",PEOPLE WHO DIE FROM THE LACK OF HELP EVERY DAY IN GAZA: PAM OFFICIAL,https://europeantimes.news/2025/07/people-who-die-from-the-lack-of-help-every-day-in-gaza-pam-official/,Not Given
Kamal Mishra,343919268,2025-07-22T00:25:22.000+07:00,in,Not Given,"MUMBAI SUBURBAN RAILWAY BOOSTS SECURITY WITH FACIAL RECOGNITION, DRONE SURVEILLANCE AND AI-DRIVEN MONITORING",https://www.freepressjournal.in/mumbai/mumbai-suburban-railway-boosts-security-with-facial-recognition-drone-surveillance-and-ai-driven-monitoring,India
Flavie Gauthier,343953676,2025-07-22T00:25:01.000+07:00,ca,"Malgré les fous rires et les blagues sur les réseaux sociaux, deux êtres humains se trouvent derrière le PDG et son employée pris en plein adultère.",LE SCANDALE DU PDG À COLDPLAY: UN MANQUE D’EMPATHIE SUR LES RÉSEAUX SOCIAUX?,https://www.journaldequebec.com/2025/07/21/le-scandale-du-pdg-a-coldplay-un-manque-dempathie-sur-les-reseaux-sociaux,Canada
Cision,343922668,2025-07-22T00:00:11.000+07:00,au,Move aligns all  Omnicom operations in ANZ under single leadership   New operating model enables group to drive growth through upstream strategy  innovation and a cohesive experience    S   ...,"OMNICOM ANNOUNCES FORMATION OF OMNICOM OCEANIA, APPOINTS NICK GARRETT AS CEO",https://kalkinemedia.com/news/prnews/omnicom-announces-formation-of-omnicom-oceania-appoints-nick-garrett-as-ceo,Australia
